Workbook

Sheet Dashboard
A1: Nom du CSM | B1: Points attribués | C1: Plafond Mensuel (de 1 à 15) | D1: Statut (Alerte) | E1: =today() -> 46221
A2: Anne-Charlotte | B2: =SUMIFS(Journal!$F:$F, Journal!$G:$G, A2, Journal!$A:$A, ">="&EDATE($E$1, -1), Journal!$A:$A, "<="&$E$1) -> 6 | C2: 15 | D2: =IF(B2>=C2, "🔴 STOP", IF(B2>=C2*0.8, "🟠 LIMITE", "🟢 OK")) -> 🟢 OK
A3: Laurane | B3: =SUMIFS(Journal!$F:$F, Journal!$G:$G, A3, Journal!$A:$A, ">="&EDATE($E$1, -1), Journal!$A:$A, "<="&$E$1) -> 15 | C3: 15 | D3: =IF(B3>=C3, "🔴 STOP", IF(B3>=C3*0.8, "🟠 LIMITE", "🟢 OK")) -> 🔴 STOP
A4: Deydra | B4: =SUMIFS(Journal!$F:$F, Journal!$G:$G, A4, Journal!$A:$A, ">="&EDATE($E$1, -1), Journal!$A:$A, "<="&$E$1) -> 3 | C4: 15 | D4: =IF(B4>=C4, "🔴 STOP", IF(B4>=C4*0.8, "🟠 LIMITE", "🟢 OK")) -> 🟢 OK
A5: Sherazade | B5: =SUMIFS(Journal!$F:$F, Journal!$G:$G, A5, Journal!$A:$A, ">="&EDATE($E$1, -1), Journal!$A:$A, "<="&$E$1) -> 3 | C5: 15 | D5: =IF(B5>=C5, "🔴 STOP", IF(B5>=C5*0.8, "🟠 LIMITE", "🟢 OK")) -> 🟢 OK
A6: Tara | B6: =SUMIFS(Journal!$F:$F, Journal!$G:$G, A6, Journal!$A:$A, ">="&EDATE($E$1, -1), Journal!$A:$A, "<="&$E$1) -> 7 | C6: 15 | D6: =IF(B6>=C6, "🔴 STOP", IF(B6>=C6*0.8, "🟠 LIMITE", "🟢 OK")) -> 🟢 OK
A7: Aika | B7: =SUMIFS(Journal!$F:$F, Journal!$G:$G, A7, Journal!$A:$A, ">="&EDATE($E$1, -1), Journal!$A:$A, "<="&$E$1) -> 0 | C7: 0 | D7: =IF(B7>=C7, "🔴 STOP", IF(B7>=C7*0.8, "🟠 LIMITE", "🟢 OK")) -> 🔴 STOP
A8: Ghislaine | B8: =SUMIFS(Journal!$F:$F, Journal!$G:$G, A8, Journal!$A:$A, ">="&EDATE($E$1, -1), Journal!$A:$A, "<="&$E$1) -> 4 | C8: 15 | D8: =IF(B8>=C8, "🔴 STOP", IF(B8>=C8*0.8, "🟠 LIMITE", "🟢 OK")) -> 🟢 OK

Sheet Journal
A1: Date | B1: Hôtel | C1: Niveau | D1: Type | E1: Dmbook seul ? | F1: Points | G1: CSM
A2: 46082 | B2: Fontenille | C2: Gold | D2: Individuel | E2: No | F2: =IF(C2="Key", 'Paramètre'!$B$8, IF(C2="Gold", IF(D2="Groupe", 'Paramètre'!$B$7, 'Paramètre'!$B$6), IF(C2="Silver", IF(D2="Groupe", 'Paramètre'!$B$5, 'Paramètre'!$B$4), IF(C2="Bronze", IF(TRIM(E2)="Yes", 'Paramètre'!$B$2, 'Paramètre'!$B$3), 0)))) -> 5 | G2: Deydra
A3: 46082 | B3: 2L (nouveau site) | C3: Gold | D3: Groupe | E3: No | F3: =IF(C3="Key", 'Paramètre'!$B$8, IF(C3="Gold", IF(D3="Groupe", 'Paramètre'!$B$7, 'Paramètre'!$B$6), IF(C3="Silver", IF(D3="Groupe", 'Paramètre'!$B$5, 'Paramètre'!$B$4), IF(C3="Bronze", IF(TRIM(E3)="Yes", 'Paramètre'!$B$2, 'Paramètre'!$B$3), 0)))) -> 8 | G3: Deydra
A4: 46083 | B4: Hotel Ryzlink | C4: Bronze | D4: Individuel | E4: No | F4: =IF(C4="Key", 'Paramètre'!$B$8, IF(C4="Gold", IF(D4="Groupe", 'Paramètre'!$B$7, 'Paramètre'!$B$6), IF(C4="Silver", IF(D4="Groupe", 'Paramètre'!$B$5, 'Paramètre'!$B$4), IF(C4="Bronze", IF(TRIM(E4)="Yes", 'Paramètre'!$B$2, 'Paramètre'!$B$3), 0)))) -> 2 | G4: Aika
A5: 46083 | B5: LA FERME DE LA RANÇONNIÈRE | C5: Silver | D5: Individuel | E5: No | F5: =IF(C5="Key", 'Paramètre'!$B$8, IF(C5="Gold", IF(D5="Groupe", 'Paramètre'!$B$7, 'Paramètre'!$B$6), IF(C5="Silver", IF(D5="Groupe", 'Paramètre'!$B$5, 'Paramètre'!$B$4), IF(C5="Bronze", IF(TRIM(E5)="Yes", 'Paramètre'!$B$2, 'Paramètre'!$B$3), 0)))) -> 3 | G5: Ghislaine
A6: 46083 | B6: HOTEL BEAUVOIR | C6: Bronze | D6: Individuel | E6: No | F6: =IF(C6="Key", 'Paramètre'!$B$8, IF(C6="Gold", IF(D6="Groupe", 'Paramètre'!$B$7, 'Paramètre'!$B$6), IF(C6="Silver", IF(D6="Groupe", 'Paramètre'!$B$5, 'Paramètre'!$B$4), IF(C6="Bronze", IF(TRIM(E6)="Yes", 'Paramètre'!$B$2, 'Paramètre'!$B$3), 0)))) -> 2 | G6: Tara
A7: 46084 | B7: HOTEL NUAGE | C7: Bronze | D7: Individuel | E7: No | F7: =IF(C7="Key", 'Paramètre'!$B$8, IF(C7="Gold", IF(D7="Groupe", 'Paramètre'!$B$7, 'Paramètre'!$B$6), IF(C7="Silver", IF(D7="Groupe", 'Paramètre'!$B$5, 'Paramètre'!$B$4), IF(C7="Bronze", IF(TRIM(E7)="Yes", 'Paramètre'!$B$2, 'Paramètre'!$B$3), 0)))) -> 2 | G7: Laurane
A8: 46084 | B8: HOTEL PARIS BASTILLE | C8: Silver | D8: Individuel | E8: No | F8: =IF(C8="Key", 'Paramètre'!$B$8, IF(C8="Gold", IF(D8="Groupe", 'Paramètre'!$B$7, 'Paramètre'!$B$6), IF(C8="Silver", IF(D8="Groupe", 'Paramètre'!$B$5, 'Paramètre'!$B$4), IF(C8="Bronze", IF(TRIM(E8)="Yes", 'Paramètre'!$B$2, 'Paramètre'!$B$3), 0)))) -> 3 | G8: Laurane
A9: 46085 | B9: HOTEL EXCELSIOR SAINT RAPHAEL | C9: Silver | D9: Individuel | E9: No | F9: =IF(C9="Key", 'Paramètre'!$B$8, IF(C9="Gold", IF(D9="Groupe", 'Paramètre'!$B$7, 'Paramètre'!$B$6), IF(C9="Silver", IF(D9="Groupe", 'Paramètre'!$B$5, 'Paramètre'!$B$4), IF(C9="Bronze", IF(TRIM(E9)="Yes", 'Paramètre'!$B$2, 'Paramètre'!$B$3), 0)))) -> 3 | G9: Tara
A10: 46090 | B10: HOTEL KEPPLER | C10: Silver | D10: Individuel | E10: No | F10: =IF(C10="Key", 'Paramètre'!$B$8, IF(C10="Gold", IF(D10="Groupe", 'Paramètre'!$B$7, 'Paramètre'!$B$6), IF(C10="Silver", IF(D10="Groupe", 'Paramètre'!$B$5, 'Paramètre'!$B$4), IF(C10="Bronze", IF(TRIM(E10)="Yes", 'Paramètre'!$B$2, 'Paramètre'!$B$3), 0)))) -> 3 | G10: Ghislaine
A11: 46090 | B11: INTERCONTINENTAL CHANTILLY CHÂTEAU MONT ROYAL | C11: Bronze | D11: Individuel | E11: No | F11: =IF(C11="Key", 'Paramètre'!$B$8, IF(C11="Gold", IF(D11="Groupe", 'Paramètre'!$B$7, 'Paramètre'!$B$6), IF(C11="Silver", IF(D11="Groupe", 'Paramètre'!$B$5, 'Paramètre'!$B$4), IF(C11="Bronze", IF(TRIM(E11)="Yes", 'Paramètre'!$B$2, 'Paramètre'!$B$3), 0)))) -> 2 | G11: Aika
A12: 46091 | B12: Hotel Spa Beau Site Talloires | C12: Silver | D12: Individuel | E12: No | F12: =IF(C12="Key", 'Paramètre'!$B$8, IF(C12="Gold", IF(D12="Groupe", 'Paramètre'!$B$7, 'Paramètre'!$B$6), IF(C12="Silver", IF(D12="Groupe", 'Paramètre'!$B$5, 'Paramètre'!$B$4), IF(C12="Bronze", IF(TRIM(E12)="Yes", 'Paramètre'!$B$2, 'Paramètre'!$B$3), 0)))) -> 3 | G12: Ghislaine
A13: 46091 | B13: La réserve Albi | C13: Bronze | D13: Individuel | E13: No | F13: =IF(C13="Key", 'Paramètre'!$B$8, IF(C13="Gold", IF(D13="Groupe", 'Paramètre'!$B$7, 'Paramètre'!$B$6), IF(C13="Silver", IF(D13="Groupe", 'Paramètre'!$B$5, 'Paramètre'!$B$4), IF(C13="Bronze", IF(TRIM(E13)="Yes", 'Paramètre'!$B$2, 'Paramètre'!$B$3), 0)))) -> 2 | G13: Aika
... A72: 46223 | B72: Avalon Hotel & Conferences | C72: Silver | D72: Individuel | E72: No | F72: =IF(C72="Key", 'Paramètre'!$B$8, IF(C72="Gold", IF(D72="Groupe", 'Paramètre'!$B$7, 'Paramètre'!$B$6), IF(C72="Silver", IF(D72="Groupe", 'Paramètre'!$B$5, 'Paramètre'!$B$4), IF(C72="Bronze", IF(TRIM(E72)="Yes", 'Paramètre'!$B$2, 'Paramètre'!$B$3), 0)))) -> 3 | G72: Tara

Sheet Paramètre
A1: Tier / Type | B1: Points
A2: Bronze Dmbook seul | B2: 1
A3: Bronze | B3: 2
A4: Silver (Individuel) | B4: 3
A5: Silver (Groupe) | B5: 4
A6: Gold | B6: 5
A7: Gold (groupe) | B7: 8
A8: Key | B8: 10

Sheet Nombre de points CSM

Sheet Statistiques 
B1: Répartition des comptes
B2: Nombre Bronze Dmbook seul | C2: =COUNTIFS(Journal!C:C, "Bronze", Journal!E:E, "Yes") -> 9 | D2: =C2 / SUM($C$2:$C$8) -> 0.12676056
B3: Bronze | C3: =COUNTIFS(Journal!C:C, "Bronze", Journal!E:E, "No") -> 14 | D3: =C3 / SUM($C$2:$C$8) -> 0.1971831
B4: Silver individuel | C4: =COUNTIFS(Journal!C:C, "Silver", Journal!D:D, "Individuel") -> 36 | D4: =C4 / SUM($C$2:$C$8) -> 0.50704225
B5: Silver groupe | C5: =COUNTIFS(Journal!C:C, "Silver", Journal!D:D, "Groupe") -> 6 | D5: =C5 / SUM($C$2:$C$8) -> 0.084507042
B6: Gold individuel | C6: =COUNTIFS(Journal!C:C, "Gold", Journal!D:D, "Individuel") -> 2 | D6: =C6 / SUM($C$2:$C$8) -> 0.028169014
B7: Gold groupe | C7: =COUNTIFS(Journal!C:C, "Gold", Journal!D:D, "Groupe") -> 2 | D7: =C7 / SUM($C$2:$C$8) -> 0.028169014
B8: Key | C8: =COUNTIF(Journal!C:C, "Key") -> 2 | D8: =C8 / SUM($C$2:$C$8) -> 0.028169014
